{"cameraMode":{"drawMode":0,"name":"Shaded","section":"Shading Mode"},"sceneLighting":true,"audioPlay":false,"sceneViewState":{"m_AlwaysRefresh":false,"showFog":true,"showSkybox":true,"showFlares":true,"showImageEffects":true,"showParticleSystems":true,"showVisualEffectGraphs":true,"m_FxEnabled":true},"in2DMode":false,"pivot":{"x":18.424781799316408,"y":-8.209827423095704,"z":-10.566879272460938},"rotation":{"x":0.15562619268894196,"y":0.7408746480941773,"z":-0.18390533328056336,"w":0.6269503235816956},"size":18.871936798095704,"orthographic":false}